circuito_id,sistema,origen,destino,tipo_cable,ternas,calibre_fase,num_conductores,diametro_ext_mm,peso_lineal_kg_m,seccion_mm2,radio_min_curv_mm
AL-TGN-01,Normal,TG-N,TD-QX-01,N2XOH 0.6/1kV,1,500 kcmil,4,29.5,2.58,240.0,354.0
AL-TGN-02,Normal,TG-N,TD-QX-02,N2XOH 0.6/1kV,1,500 kcmil,4,29.5,2.58,240.0,354.0
AL-TGN-03,Normal,TG-N,TD-QX-03,N2XOH 0.6/1kV,1,350 kcmil,4,25.8,1.98,185.0,310.0
AL-TGN-04,Normal,TG-N,TD-UCI-01,N2XOH 0.6/1kV,1,500 kcmil,4,29.5,2.58,240.0,354.0
AL-TGN-05,Normal,TG-N,TD-UCI-02,N2XOH 0.6/1kV,1,350 kcmil,4,25.8,1.98,185.0,310.0
AL-TGN-06,Normal,TG-N,TD-IMAG-01,N2XOH 0.6/1kV,2,500 kcmil,8,29.5,2.58,240.0,354.0
AL-TGN-07,Normal,TG-N,TD-RX-01,N2XOH 0.6/1kV,1,350 kcmil,4,25.8,1.98,185.0,310.0
AL-TGN-08,Normal,TG-N,TD-ESTERIL,N2XOH 0.6/1kV,1,250 kcmil,4,21.8,1.32,120.0,262.0
AL-TGN-09,Normal,TG-N,TD-CLIMA-01,N2XOH 0.6/1kV,2,350 kcmil,8,25.8,1.98,185.0,310.0
AL-TGN-10,Normal,TG-N,TD-CLIMA-02,N2XOH 0.6/1kV,1,500 kcmil,4,29.5,2.58,240.0,354.0
AL-TGE-01,Emergencia,TG-E,TDE-QX-01,N2XOH 0.6/1kV,1,350 kcmil,4,25.8,1.98,185.0,310.0
AL-TGE-02,Emergencia,TG-E,TDE-QX-02,N2XOH 0.6/1kV,1,350 kcmil,4,25.8,1.98,185.0,310.0
AL-TGE-03,Emergencia,TG-E,TDE-UCI-01,N2XOH 0.6/1kV,1,500 kcmil,4,29.5,2.58,240.0,354.0
AL-TGE-04,Emergencia,TG-E,TDE-UCI-02,N2XOH 0.6/1kV,1,350 kcmil,4,25.8,1.98,185.0,310.0
AL-TGE-05,Emergencia,TG-E,TDE-EMERG,N2XOH 0.6/1kV,1,250 kcmil,4,21.8,1.32,120.0,262.0
AL-TGE-06,Emergencia,TG-E,TDE-GASMED,N2XOH 0.6/1kV,1,4/0 AWG,4,19.2,1.10,95.0,230.0
AL-TGE-07,Emergencia,TG-E,TDE-BOMB-01,N2XOH 0.6/1kV,1,250 kcmil,4,21.8,1.32,120.0,262.0
AL-TGE-08,Emergencia,TG-E,TDE-VAPOR,N2XOH 0.6/1kV,1,2/0 AWG,4,16.2,0.76,70.0,194.0
AL-TGU-01,UPS,TG-UPS,TDU-QX-ISO01,N2XOH 0.6/1kV,1,250 kcmil,4,21.8,1.32,120.0,262.0
AL-TGU-02,UPS,TG-UPS,TDU-QX-ISO02,N2XOH 0.6/1kV,1,250 kcmil,4,21.8,1.32,120.0,262.0
AL-TGU-03,UPS,TG-UPS,TDU-UCI-VITAL,N2XOH 0.6/1kV,1,4/0 AWG,4,19.2,1.10,95.0,230.0
AL-TGU-04,UPS,TG-UPS,TDU-MONITOR,N2XOH 0.6/1kV,1,2/0 AWG,4,16.2,0.76,70.0,194.0
AL-TGU-05,UPS,TG-UPS,TDU-DATA-MED,N2XOH 0.6/1kV,1,1/0 AWG,4,14.2,0.58,50.0,170.0
AL-TGU-06,UPS,TG-UPS,TDU-CENTRAL,N2XOH 0.6/1kV,1,2 AWG,4,12.1,0.42,35.0,145.0